-- phpMyAdmin SQL Dump
-- version 5.2.1
-- https://www.phpmyadmin.net/
--
-- Hôte : 127.0.0.1:3306
-- Généré le : sam. 08 mars 2025 à 10:19
-- Version du serveur : 9.1.0
-- Version de PHP : 8.3.14

SET SQL_MODE = "NO_AUTO_VALUE_ON_ZERO";
START TRANSACTION;
SET time_zone = "+00:00";


/*!40101 SET @OLD_CHARACTER_SET_CLIENT=@@CHARACTER_SET_CLIENT */;
/*!40101 SET @OLD_CHARACTER_SET_RESULTS=@@CHARACTER_SET_RESULTS */;
/*!40101 SET @OLD_COLLATION_CONNECTION=@@COLLATION_CONNECTION */;
/*!40101 SET NAMES utf8mb4 */;

--
-- Base de données : `art_nsi`
--

-- --------------------------------------------------------

--
-- Structure de la table `artistes`
--

DROP TABLE IF EXISTS `artistes`;
CREATE TABLE IF NOT EXISTS `artistes` (
  `id_Artistes` int NOT NULL AUTO_INCREMENT,
  `nomArtistes` varchar(30) CHARACTER SET utf8mb3 COLLATE utf8mb3_general_ci NOT NULL,
  `id_Oeuvres` int DEFAULT NULL,
  `Biographies` varchar(500) NOT NULL,
  `id_Mouvement_VP` int DEFAULT NULL,
  `id_Mouvement_M` int DEFAULT NULL,
  PRIMARY KEY (`id_Artistes`),
  KEY `id_Oeuvres` (`id_Oeuvres`),
  KEY `id_Mouvements` (`id_Mouvement_VP`),
  KEY `id_Mouvement_M` (`id_Mouvement_M`)
) ENGINE=InnoDB AUTO_INCREMENT=95 DEFAULT CHARSET=utf8mb3;

--
-- Déchargement des données de la table `artistes`
--

INSERT INTO `artistes` (`id_Artistes`, `nomArtistes`, `id_Oeuvres`, `Biographies`, `id_Mouvement_VP`, `id_Mouvement_M`) VALUES
(1, 'Artiste inconnu', 53, 'La musique proto-instrumentale, apparue il y a environ 43 000 ans, est l’œuvre d’artistes anonymes ayant fabriqué des instruments à partir d\'os d\'animaux. Ces instruments montrent que la musique faisait partie intégrante de la vie des premiers humains, bien avant l\'émergence des civilisations.', NULL, 1),
(2, 'Artiste inconnu', 54, 'La musique proto-instrumentale, apparue il y a environ 43 000 ans, est l’œuvre d’artistes anonymes ayant fabriqué des instruments à partir d\'os d\'animaux. Ces instruments montrent que la musique faisait partie intégrante de la vie des premiers humains, bien avant l\'émergence des civilisations.', NULL, 1),
(3, 'Mésomède de Crète', 55, 'Mésomède de Crète, actif au IIe siècle, est un compositeur grec de l\'Antiquité. Il est connu pour ses hymnes et péans, des chants sacrés dédiés aux dieux, qui illustrent la richesse de la musique antique. Ses œuvres, bien que fragmentaires, témoignent d\'une maîtrise des modes musicaux grecs et d\'une profonde spiritualité.', NULL, 2),
(4, 'Athenaios', 56, 'Athenaios, actif au Ier siècle, est un musicien et théoricien grec de l\'Antiquité. Il a contribué à la musique antique par ses écrits sur la théorie musicale et ses compositions, qui reflètent l\'harmonie et les structures mélodiques de son époque. Ses travaux ont influencé la compréhension de la musique dans le monde gréco-romain.', NULL, 2),
(5, 'Artiste anonyme', 57, 'Le chant grégorien, apparu au Moyen Âge, est l’œuvre d’artistes anonymes ayant composé des mélodies sacrées pour la liturgie chrétienne. Ces chants, souvent attribués à des moines, célèbrent des événements religieux et sont encore chantés lors des célébrations liturgiques. Ils témoignent de la diversité des styles musicaux utilisés dans la liturgie médiévale et de la pureté des voix humaines.', NULL, 3),
(6, 'Artiste anonyme', 58, 'Le chant grégorien, apparu au Moyen Âge, est l’œuvre d’artistes anonymes ayant composé des mélodies sacrées pour la liturgie chrétienne. Ces chants, souvent attribués à des moines, célèbrent des événements religieux et sont encore chantés lors des célébrations liturgiques. Ils témoignent de la diversité des styles musicaux utilisés dans la liturgie médiévale et de la pureté des voix humaines.', NULL, 3),
(7, 'Wolfgang Amadeus Mozart', 59, 'Né en 1756 et décédé en 1791, est l\'un des compositeurs les plus célèbres de l\'ère classique. Son génie musical a marqué la musique sacrée et profane de son époque, illustrant une maîtrise impressionnante de l\'harmonie et de la composition. Mozart a influencé de nombreux compositeurs et reste une figure centrale de la musique classique.', NULL, 4),
(8, 'Giuseppe Verdi', 60, 'Né en 1813 et décédé en 1901, Giuseppe Verdi est un compositeur italien connu pour ses opéras et sa musique sacrée. Il a exprimé des émotions profondes à travers des techniques dramatiques issues de l\'opéra, marquant la musique de son époque par son intensité et sa richesse mélodique. C’est une figure emblématique du romantisme italien.', NULL, 4),
(9, 'Raimbaut de Vaqueiras', 61, 'Actif durant la période de 1180 à 1207, Raimbaut de Vaqueiras est un troubadour provençal connu pour ses chansons d\'amour et ses poèmes lyriques. Il est typique de la poésie courtoise médiévale, célébrant le printemps et l\'amour avec des mélodies fluides et des textes raffinés. Raimbaut a contribué à la tradition des troubadours, influençant la musique et la poésie de son époque', NULL, 5),
(10, 'Artistes inconnu', 62, 'L\'estampie, apparue au Moyen Âge, est l’œuvre d’artistes anonymes ayant composé des danses pour les cours européennes. Ces danses, se caractérisent par une structure rythmique complexe et des mélodies répétitives. Elles témoignent de la richesse de la musique de danse médiévale et de l\'importance des arts de la scène dans la culture médiévale.', NULL, 5),
(11, 'Guillaume de Machaut', 63, 'Actif durant la période de 1300 à 1377, Guillaume de Machaut est un compositeur et poète français du Moyen Âge. Il est l\'un des premiers compositeurs à avoir écrit de la musique polyphonique complexe, illustrant une maîtrise impressionnante du contrepoint et de l\'harmonie. Machaut a influencé la musique sacrée et profane de son époque, posant les bases de la musique de la Renaissance.', NULL, 6),
(12, 'Johann Sebastian Bach', 64, 'Né en 1685 et décédé en 1750, Johann Sebastian Bach est un compositeur allemand majeur du mouvement baroque. Il a excellé dans la composition de motets, des œuvres chorales sacrées a cappella, illustrant sa maîtrise du contrepoint et de l\'harmonie. Ses motets sont empreints d\'une profonde spiritualité et d\'une complexité technique qui ont influencé durablement la musique sacrée.', NULL, 6),
(13, 'Jean-Baptiste Lully', 65, 'Né en 1632 et mort en 1687, Jean-Baptiste Lully est un compositeur français d\'origine italienne, connu pour ses ballets et opéras à la cour de Louis XIV. Il a illustré l\'importance des arts de la scène à la cour française, marquant la musique baroque par son inventivité et son raffinement. Lully est une figure centrale de la musique française du XVIIe siècle.', NULL, 7),
(14, 'Piotr Ilitch Tchaïkovski', 66, 'Né en 1840 et décédé en 1893, Piotr Ilitch Tchaïkovski est un compositeur russe célèbre pour ses ballets et symphonies. Il est connu pour sa musique expressive et ses mélodies mémorables, marquant la musique romantique par son intensité émotionnelle. Tchaïkovski est une figure emblématique de la musique russe.', NULL, 7),
(15, 'Claudio Monteverdi', 67, 'Né en 1567 et décédé en 1643, Claudio Monteverdi est un compositeur italien de la transition entre la Renaissance et le Baroque. Il a utilisé des techniques innovantes pour exprimer les émotions des personnages, marquant l\'histoire de l\'opéra par son expressivité et sa richesse dramatique. Monteverdi est une figure fondatrice de l\'opéra baroque.', NULL, 8),
(16, 'Richard Wagner', 68, 'Né en 1813 et décédé en 1883, Richard Wagner est un compositeur allemand connu pour ses drames musicaux. Il a eu une influence majeure sur la musique du XXe siècle avec son utilisation de l\'harmonie chromatique et ses thèmes de passion et de destin. Wagner est une figure centrale du romantisme allemand.', NULL, 8),
(17, 'Domenico Scarlatti', 69, 'Né en 1685 et décédé en 1757, Domenico Scarlatti est un compositeur italien connu pour ses sonates pour clavier. Il a exploré les possibilités techniques et expressives du clavier, marquant la musique baroque par son inventivité et sa virtuosité. Scarlatti a influencé de nombreux compositeurs de son époque.', NULL, 9),
(18, 'Ludwig van Beethoven', 70, 'Né en 1770 et décédé en 1827, Ludwig van Beethoven est un compositeur allemand de l\'ère classique et romantique. Il est connu pour sa capacité à exprimer des émotions profondes à travers la musique, marquant l\'histoire de la musique par son intensité et son innovation. Beethoven est une figure centrale de la musique occidentale.', NULL, 9),
(19, 'Béla Bartók', 71, 'Béla Bartók, né en 1881 et décédé en 1945, est un compositeur hongrois renommé pour ses bagatelles, des pièces courtes et légères qui illustrent son style unique. Influencé par la musique folklorique de son pays, Bartók a intégré des éléments traditionnels dans ses compositions, créant un langage musical innovant et expressif.', NULL, 10),
(20, 'Antonín Dvořák', 72, 'Antonín Dvořák, né en 1841 et décédé en 1904, est un compositeur tchèque célèbre pour ses bagatelles. Ses œuvres, imprégnées de mélodies lyriques et de rythmes dansants, reflètent son amour pour la musique populaire de Bohême. Dvořák a su marier la tradition et l\'innovation, laissant une empreinte durable sur la musique romantique.', NULL, 10),
(21, 'Antonio Vivaldi', 73, 'Antonio Vivaldi, né en 1678 et mort en 1741, est un compositeur italien célèbre pour ses concertos. Ses œuvres illustrent la virtuosité et l\'expressivité du baroque, avec des mélodies entraînantes et des structures harmoniques riches. Vivaldi a profondément influencé le développement du concerto en tant que forme musicale.', NULL, 11),
(22, 'Johannes Brahms', 74, 'Johannes Brahms, né en 1833 et décédé en 1897, est un compositeur allemand du romantisme. Ses concertos, notamment pour piano et violon, sont marqués par une profondeur émotionnelle et une complexité structurelle. Brahms a su allier tradition classique et innovation, laissant une empreinte durable avec ses œuvres concertantes.', NULL, 11),
(23, 'Joseph Haydn', 75, 'Joseph Haydn, né en 1732 et décédé en 1809, est un compositeur autrichien connu comme le \"Père de la symphonie\". Ses œuvres symphoniques, au nombre de 104, sont empreintes d\'élégance et d\'innovation, posant les bases de la symphonie classique. Haydn a exploré de nouvelles formes d\'expression musicale, influençant profondément des compositeurs comme Mozart et Beethoven.', NULL, 12),
(24, 'Gustav Mahler', 76, 'Gustav Mahler, né en 1860 et mort en 1911, est un compositeur autrichien célèbre pour ses symphonies monumentales. Ses œuvres explorent des thèmes existentiels avec une orchestration riche et des contrastes émotionnels intenses, marquant la transition entre romantisme et modernité.', NULL, 12),
(25, 'Manuel de Falla', 77, 'Manuel de Falla, né en 1876 et mort en 1946, est un compositeur espagnol célèbre pour ses intermezzos. Ses œuvres, empreintes de lyrisme et de couleurs musicales, reflètent l\'influence de la musique folklorique espagnole. De Falla a su intégrer des éléments traditionnels dans ses compositions, créant un langage musical unique et expressif.', NULL, 13),
(26, 'Pietro Mascagni', 78, 'Né en 1863 et mort en 1945, Pietro Mascagni est un compositeur italien connu pour ses intermezzos. Son \"Intermezzo\" est célèbre pour sa mélodie lyrique et son atmosphère poignante, illustrant la beauté de la musique italienne du XIXe siècle.', NULL, 13),
(27, 'Frédéric Chopin', 79, 'Frédéric Chopin, né en 1810 et décédé en 1849, est un compositeur polonais renommé pour ses nocturnes. Ses œuvres sont empreintes de lyrisme et de mélancolie, explorant les nuances émotionnelles du piano romantique. Chopin a élevé le nocturne à un niveau de raffinement inégalé.', NULL, 14),
(28, 'John Field', 80, 'John Field, né en 1782 et décédé en 1837, est un compositeur irlandais pionnier du nocturne. Ses compositions pour piano, douces et expressives, ont influencé des compositeurs comme Chopin, posant les bases de ce genre romantique.', NULL, 14),
(29, 'Claude Debussy', 81, 'Claude Debussy, né en 1862 et décédé en 1918, est un compositeur français emblématique de l\'impressionnisme musical. Son unique quatuor à cordes, composé en 1893, est marqué par une harmonie innovante et une atmosphère évocatrice, reflétant son approche révolutionnaire de la musique. Debussy a su intégrer des éléments poétiques et des sonorités nouvelles, influençant profondément la musique du XXe siècle.', NULL, 15),
(30, 'Dmitri Chostakovitch', 82, 'Dmitri Chostakovitch, né en 1906 et décédé en 1975, est un compositeur russe célèbre pour ses quatuors à cordes. Ses œuvres, comme le “Quatuor à cordes n°8”, explorent des thèmes introspectifs et des dissonances modernes, reflétant les tensions de son époque.', NULL, 15),
(31, 'Arnold Schoenberg', 83, 'Arnold Schoenberg, né en 1874 et mort en 1951, est un compositeur autrichien pionnier du dodécaphonisme. Ses compositions, basées sur une série de douze tons, ont révolutionné la musique du XXe siècle en rompant avec la tonalité traditionnelle, ouvrant la voie à la musique sérielle.', NULL, 16),
(32, 'Alban Berg', 84, 'Alban Berg, né en 1885 et mort en 1935, est un compositeur autrichien associé au dodécaphonisme. Ses œuvres intègrent la technique des douze tons avec une expressivité dramatique, illustrant la complexité émotionnelle de la musique moderne.', NULL, 16),
(33, 'Louis Armstrong', 85, 'Louis Armstrong, né en 1901 et mort en 1971, est un trompettiste et chanteur américain emblématique du jazz. Son style innovant et sa voix distinctive ont profondément influencé le développement du jazz, popularisant ce genre musical à travers le monde.', NULL, 17),
(34, 'Miles Davis', 86, 'Miles Davis, né en 1926 et mort en 1991, est un trompettiste et compositeur américain majeur du jazz. Ses explorations musicales ont constamment redéfini les frontières du jazz, intégrant des éléments de rock et de musique électronique.', NULL, 17),
(35, 'Franz Schubert', 87, 'Franz Schubert, né en 1797 et décédé en 1828, est un compositeur autrichien célèbre pour ses lieder. Ses mélodies, souvent inspirées de poèmes, sont empreintes de lyrisme et d\'émotion, explorant des thèmes romantiques avec une sensibilité unique. Schubert a élevé le lied à un niveau artistique inégalé, influençant durablement la musique vocale.', NULL, 18),
(36, 'Robert Schumann', 88, 'Robert Schumann, né en 1810 et décédé en 1856, est un compositeur allemand renommé pour ses lieder. Ses œuvres, marquées par une profondeur émotionnelle et une richesse harmonique, reflètent son engagement romantique. Schumann a su capturer l\'essence poétique des textes dans ses compositions, laissant une empreinte durable sur la musique vocale.', NULL, 18),
(37, 'Tupac Shakur', 89, 'Tupac Shakur, né en 1971 et mort en 1996, est un rappeur et acteur américain emblématique du hip-hop. Ses textes poignants et engagés abordent des thèmes sociaux et politiques, reflétant les réalités de la vie urbaine. Tupac a marqué le genre par son authenticité et son influence durable sur la culture hip-hop.', NULL, 19),
(38, 'Jay-Z', 90, 'Jay-Z, né en 1969, est un rappeur et entrepreneur américain majeur du hip-hop. Ses paroles, marquées par une narration habile et une introspection personnelle, explorent des thèmes allant de la réussite à la critique sociale. Jay-Z a su évoluer avec le genre, devenant une figure incontournable de la musique et des affaires.', NULL, 19),
(39, 'Kraftwerk', 91, 'Kraftwerk, fondé en 1970, est un groupe allemand pionnier de la musique électronique. Leur utilisation innovante des synthétiseurs et des boîtes à rythmes a révolutionné la musique, posant les bases du genre électronique. Bien que le groupe soit moins actif aujourd\'hui, leur influence perdure à travers leurs enregistrements et leur héritage musical.', NULL, 20),
(40, 'Daft Punk', 92, 'Daft Punk, formé en 1993, est un duo français emblématique de la musique électronique. Leur style, mêlant house, disco et synthpop, est marqué par des productions sophistiquées et des performances visuellement captivantes. Le duo s\'est officiellement séparé en 2021, mais leur impact sur la culture musicale contemporaine reste considérable.', NULL, 20),
(41, 'The Beatles', 93, 'The Beatles, formé en 1960, est un groupe britannique emblématique du rock. Leur musique, marquée par des mélodies accrocheuses et des innovations sonores, a transformé la culture populaire. Bien que le groupe se soit officiellement séparé en 1970, leur influence perdure à travers leurs enregistrements et leur héritage musical.', NULL, 21),
(42, 'Led Zeppelin', 94, 'Led Zeppelin, formé en 1968, est un groupe britannique majeur du rock. Leur style, mêlant blues, folk et hard rock, est caractérisé par des riffs puissants et des performances vocales intenses. Le groupe s\'est dissous en 1980 après la mort de leur batteur John Bonham, mais leur musique continue d\'influencer le rock.', NULL, 21),
(43, 'Artiste anonyme', 1, 'L’art rupestre, apparu il y a environ 40 000 ans, est l’œuvre d’artistes anonymes ayant gravé et peint sur des parois rocheuses. Les peintures du Tassili n’Ajjer, datées entre 10 000 et 4 000 av. J.-C. représentent des scènes de chasse et des figures humaines stylisées. Elles témoignent des croyances et du mode de vie des peuples préhistoriques d’Afrique du Nord, révélant une maîtrise impressionnante du mouvement et des proportions.', 1, NULL),
(44, 'Artiste anonyme', 2, 'Les gravures de Bhimbetka, en Inde datées d’environ 30 000 av. J.-C., sont parmi les plus anciennes expressions artistiques connues. Ces œuvres montrent des figures humaines et animales gravées avec une grande précision. Ces artistes ont utilisé des pigments naturels pour représenter des scènes rituelles et du quotidien. Ces gravures prouvent une connexion profonde avec la nature et un besoin de transmission culturelle à travers l’image.', 1, NULL),
(45, 'Artiste anonyme', 3, 'L’art mobilier, apparu entre 35 000 et 10 000 av. J.-C., regroupe des sculptures et objets transportables façonnés par des artistes inconnus. La célèbre Vénus de Willendorf, datée d’environ 28 000 av. J.-C. incarne un idéal de fertilité avec ses formes exagérées. Taillée dans du calcaire et peinte en rouge, cette statuette illustre l’importance des symboles féminins dans les croyances préhistoriques, probablement liés à la fécondité et à la prospérité.', 2, NULL),
(46, 'Artiste anonyme', 4, 'Le Bison sculpté de La Madeleine, daté de 15 000 av. J.-C. est une sculpture en bois de renne retrouvée en France. Cet artiste anonyme a su capter le réalisme et le dynamisme du bison avec des détails précis et une texture naturelle. Ces figurines animales, typiques de l’art mobilier paléolithique, reflètent un lien spirituel et utilitaire avec la faune. Elles pourraient avoir eu un rôle rituel ou symbolique, renforçant l’importance du bison dans ces sociétés de chasseurs-cueilleurs.', 2, NULL),
(47, 'Artiste anonyme', 5, 'Les peintures de Lascaux, datées d’environ 17 000 av. J.-C. en France sont parmi les plus célèbres de l’art pariétal. Réalisées avec des pigments naturels, elles représentent bisons, chevaux et cerfs avec une maîtrise du mouvement et de la perspective. Ces artistes anonymes ont utilisé le relief des parois pour accentuer la profondeur et donner du volume aux figures. Ces œuvres montrent une connaissance avancée de l’anatomie animale et des techniques picturales.', 3, NULL),
(48, 'Artiste anonyme', 6, 'Les peintures d’Altamira, créées vers 15 000 av. J.-C. en Espagne témoignent d’une maîtrise exceptionnelle des contrastes et des formes. Ces artistes anonymes ont utilisé des ocres et des charbons pour créer des bisons monumentaux aux contours expressifs. La superposition des figures et l’usage des reliefs de la grotte donnent une impression de mouvement et de réalisme, prouvant que ces artistes avaient une intention artistique aboutie.', 3, NULL),
(49, 'Maître du Dipylon', 7, 'Le maître du Dipylon, actif vers 750 av. J.-C., est un céramiste athénien anonyme connu pour ses grandes amphores funéraires. L’Amphore du Dipylon, découverte à Athènes, montre des motifs linéaires et des scènes de deuil stylisées, typiques de l’art géométrique grec. Son style se distingue par des figures humaines simplifiées et des compositions structurées, qui influenceront les premières représentations figuratives de la Grèce archaïque.', 4, NULL),
(50, 'Artiste anonyme', 8, 'D’autres céramistes anonymes, actifs entre 900 et 700 av. J.-C., ont contribué au développement du style proto-géométrique en Grèce. Leurs céramiques proto-géométriques, caractérisées par des motifs abstraits comme des cercles concentriques et des méandres, marquent une transition entre l’art mycénien et l’art grec classique. Ces artistes ont expérimenté des techniques de symétrie et de proportions, posant les bases des canons esthétiques de l’Antiquité.', 4, NULL),
(51, 'Phidias', 9, 'Phidias, l’un des plus grands sculpteurs de la Grèce antique, est surtout connu pour avoir conçu la statue de Zeus à Olympie, l\'une des sept merveilles du monde antique. Il est également l\'architecte de l\'Athéna Parthénos du Parthénon, une œuvre emblématique de la perfection et de la majesté du corps humain.', 5, NULL),
(52, 'Praxitèle', 10, 'Praxitèle, quant à lui, est célèbre pour avoir introduit une nouvelle approche plus sensuelle dans la sculpture grecque, comme avec l’Apollon sauroctone. Son travail incarne la quête d\'une beauté idéalisée, en accentuant l\'expression du corps humain tout en mettant en valeur la fluidité et l\'harmonie.', 5, NULL),
(53, 'Exékias', 11, 'Exékias, maître céramiste et peintre, est reconnu pour sa maîtrise de la narration sur vases. Ses œuvres, comme l\'Amphore d\'Ajax et Achille, sont des exemples parfaits de l\'art archaïque qui privilégie des scènes héroïques et mythologiques, tout en plaçant un accent particulier sur l\'émotion et la tension des personnages.', 6, NULL),
(54, 'Cléobis et Biton', 12, 'Cléobis et Biton, quant à eux, sont célèbres pour leurs statues, représentant des héros mythologiques. Leur œuvre illustre les idéaux de force, de dévouement et de vertu qui étaient au cœur de la société grecque archaïque.', 6, NULL),
(55, 'Lysippe', 13, 'Lysippe, sculpteur de la période hellénistique, a révolutionné la représentation du corps humain avec une approche plus naturelle et dynamique. Sa statue de l\'Apoxyomène montre un athlète en train de se nettoyer après une compétition, capturant ainsi une posture réaliste et pleine de mouvement.', 7, NULL),
(56, 'Agasias', 14, 'Agasias, moins connu mais non moins important, est l\'auteur du Gladiateur Borghèse, une sculpture puissante qui incarne le pathos et la grandeur héroïque typiques de l\'art hellénistique. Ses figures sont souvent caractérisées par une expressivité dramatique et une psychologie poussée.', 7, NULL),
(57, 'André Roublev', 15, 'André Roublev est sans doute l\'un des plus grands maîtres de l’icône russe, avec des œuvres majeures comme La Trinité. Dans ses icônes, il cherche à exprimer la lumière divine et la sainte harmonie, tout en restant fidèle à la tradition religieuse byzantine.', 8, NULL),
(58, 'Théophane le Grec', 16, 'Théophane le Grec, un autre maître des icônes, fusionne les traditions byzantines et la grandeur mystique de l\'art russe. Dans des œuvres comme le Christ Pantocrator, il dépeint des figures spirituelles d\'une intensité émotionnelle rare, propre à l\'art chrétien orthodoxe.', 8, NULL),
(59, 'Gislebertus', 17, 'Gislebertus, un des plus célèbres sculpteurs de la période romane, il travailla sur des œuvres d’une grande expressivité, comme le Tympan du Jugement dernier à la cathédrale de Saint-Lazare. Son art transmet l’intensité dramatique et la symbolique religieuse propre à la période gothique.', 9, NULL),
(60, 'Benedetto Antelami', 18, 'Benedetto Antelami, sculpteur et architecte, crée des œuvres comme le Relief du Baptistère de Parme, qui introduisent une grande finesse dans la représentation des figures humaines tout en restant attachés à des thèmes religieux.', 9, NULL),
(61, 'Kamaleddin Behzad', 19, 'Behzad, peintre persan de la période safavide, est l’un des maîtres du miniaturisme persan. Ses œuvres, comme la Miniature de Saadi, sont des chefs-d\'œuvre de l’art islamique qui allient finesse, détails minutieux et expressivité. Behzad est reconnu pour sa capacité à traduire des scènes poétiques et philosophiques en images vibrantes.', 10, NULL),
(62, 'Hassan Massoudy', 20, 'Hassan Massoudy, né en 1944, est un calligraphe et artiste irakien renommé pour son travail dans l’art islamique. Ses œuvres, marquées par une maîtrise exceptionnelle de la calligraphie arabe, explorent des thèmes spirituels et poétiques. Massoudy intègre des éléments traditionnels et modernes, créant des compositions visuelles qui célèbrent la beauté de l’écriture et la richesse culturelle de l’art islamique.', 10, NULL),
(63, 'Artiste anonyme', 21, 'L’art roman, florissant entre le IXe et XIIe siècle, est principalement l’œuvre d’artisans anonymes. Le tympan de Conques (vers 1100), sculpté par des artistes inconnus, illustre la vision médiévale du Jugement dernier avec des figures expressives et une organisation hiérarchique des personnages. Cette sculpture témoigne de la forte influence religieuse sur l’art roman, mettant en avant la didactique et l’émotion à travers des compositions monumentales.', 9, NULL),
(64, 'Artiste anonyme', 22, 'Les fresques de Saint-Savin-sur-Gartempe, datant du XIe siècle, sont un exemple majeur de la peinture romane. Réalisées par des peintres anonymes, elles recouvrent la voûte de l’abbatiale et racontent des épisodes bibliques à travers des scènes stylisées aux couleurs vives. Leur objectif était avant tout pédagogique, permettant aux fidèles illettrés de comprendre les récits sacrés. Ces fresques sont remarquables pour leur narration fluide et leur grande expressivité.', 9, NULL),
(65, 'Léonard de Vinci', 23, 'Léonard de Vinci, figure emblématique de la Renaissance, incarne l\'esprit de l’Humanisme. Son œuvre, L\'Homme de Vitruve illustre la quête de l\'homme pour comprendre et harmoniser son corps avec les proportions naturelles et divines.', 12, NULL),
(66, 'Michel-Ange', 24, 'Michel-Ange, avec ses fresques de la Chapelle Sixtine et la statue de David, redéfinit la représentation du corps humain. Ils illustrent à la perfection la vision humaniste qui place l\'homme au centre de l\'univers, mêlant science, art et philosophie.', 12, NULL),
(67, 'Parmigianino', 25, 'Parmigianino est un maître du maniérisme, caractérisé par une distorsion élégante des formes. Dans des œuvres comme La Madone au long cou, il déforme délibérément les proportions pour créer un effet mystérieux et un style exubérant, explorant une beauté déstabilisante.', 13, NULL),
(68, 'Rosso Fiorentino', 26, 'Rosso Fiorentino, quant à lui, joue également avec la forme et la couleur, créant des œuvres comme Déposition de Volterra, qui reflètent une sensibilité émotionnelle intense, propre au maniérisme qui cherche à exprimer des émotions complexes à travers des compositions asymétriques et une palette de couleurs riche.', 13, NULL),
(69, 'Caravage', 27, 'Caravage, maître du naturalisme, transforme la peinture avec sa maîtrise du clair-obscur. Son œuvre La Vocation de Saint Matthieu incarne cette capacité à capturer des scènes de la vie quotidienne, tout en introduisant une dimension divine et dramatique à travers l\'usage de la lumière et de l’ombre.', 14, NULL),
(70, 'Annibale Carracci', 28, 'Annibale Carracci, avec sa série de fresques pour la Galleria Farnese, introduit une approche plus classique et harmonieuse, mais reste fidèle à la représentation fidèle de la nature. Ensemble, ces artistes ont réinventé le réalisme dans l\'art baroque, ancrant la vérité humaine dans des contextes spirituels et religieux.', 14, NULL),
(71, 'Rubens', 29, 'Peter Paul Rubens, maître du baroque, est célèbre pour ses compositions dramatiques et son usage vigoureux de la couleur. Dans L\'Enlèvement des filles de Leucippe, il utilise la lumière et le mouvement pour renforcer le contraste entre la violence et la sensualité, une caractéristique clé du style baroque.', 15, NULL),
(72, 'Rembrandt', 30, 'Rembrandt, figure majeure du baroque, privilégie la lumière intérieure. Dans La Ronde de nuit, il réinvente la peinture de groupe avec une lumière dramatique, créant des portraits qui révèlent la profondeur psychologique des sujets. Son travail explore les thèmes de la condition humaine et de la spiritualité.', 15, NULL),
(73, 'Nicolas Poussin', 31, 'Nicolas Poussin est un maître du classicisme. Dans des œuvres comme L\'Enlèvement des Sabines, il illustre l\'idéal de l\'harmonie et de la rationalité, cherchant à représenter les émotions humaines à travers un équilibre parfait des formes et une composition stricte.', 16, NULL),
(74, 'Charles Le Brun', 32, 'Charles Le Brun, peintre officiel de Louis XIV, incarne l\'idéal du classicisme avec des œuvres comme Le Triomphe d’Alexandre. Ses peintures sont empreintes de grandeur et de majesté, correspondant à l\'ordre et à la symétrie de l\'époque classique, tout en servant à glorifier le pouvoir royal.', 16, NULL),
(75, 'Jacques-Louis David', 33, 'Jacques-Louis David, chef du néo-classicisme, reprend les idéaux de l\'Antiquité pour défendre la morale et les vertus républicaines. Dans des œuvres comme Le Serment des Horaces, il met en scène des figures héroïques et patriotiques, tout en marquant la rupture avec le baroque par un style plus sobre et rationnel.', 17, NULL),
(76, 'Jean-Auguste-Dominique Ingres', 34, 'Jean-Auguste-Dominique Ingres, disciple de David, poursuit cette tradition en créant des portraits et des scènes mythologiques. Dans La Grande Odalisque, il magnifie la sensualité et l\'élégance tout en respectant les principes classiques de proportions et de rigueur formelle.', 17, NULL),
(77, 'Gustave Courbet', 35, 'Gustave Courbet, figure centrale du réalisme, cherche à représenter le quotidien des gens ordinaires avec un regard sans concession. Dans L\'Origine du monde, il crée une image provocante et naturaliste de la figure féminine, rejetant l\'idéalisation des formes classiques.', 18, NULL),
(78, 'Jean-François Millet', 36, 'Jean-François Millet, quant à lui, célèbre les travailleurs agricoles dans des œuvres comme Les Glaneuses. Il rend hommage à la vie paysanne, en capturant des moments de travail acharné, tout en affirmant les valeurs de simplicité et de dignité du peuple rural.', 18, NULL),
(79, 'Eugène Delacroix', 37, 'Eugène Delacroix, peintre français majeur du romantisme, transforme la peinture en un vecteur de passion et d’émotion intense. Dans La Liberté guidant le peuple, il combine la lutte politique avec un idéal révolutionnaire, tout en utilisant des couleurs vibrantes et une forte dynamique de mouvement.', 19, NULL),
(80, 'Caspar David Friedrich', 38, 'Caspar David Friedrich, maître du romantisme allemand, cherche à exprimer l\'âme humaine à travers la nature. Dans Le Voyageur contemplant une mer de nuages, il place un personnage solitaire face à une vastitude naturelle, explorant la solitude et la sublimité.', 19, NULL),
(81, 'Pablo Picasso', 39, 'Pablo Picasso, cofondateur du cubisme, révolutionne l’art en déconstruisant la perspective traditionnelle. Avec Braque, il développe le cubisme analytique, réduisant la réalité en facettes géométriques complexes, puis le cubisme synthétique, intégrant des collages et de nouvelles textures. Son impact dépasse largement le mouvement, influençant toute l’histoire de l’art moderne.', 20, NULL),
(82, 'Georges Braque', 40, 'Georges Braque, co-inventeur du cubisme, explore les mêmes principes que Picasso mais avec une approche plus structurée et monochromatique. Dans Violon et palette (1909), il fragmente les objets en formes géométriques interconnectées, supprimant la perspective traditionnelle pour offrir une vision multiple d’un même sujet. Son travail contribue à la naissance de l’art abstrait, influençant des générations d’artistes dans leur quête de nouvelles représentations du réel.', 20, NULL),
(83, 'Edvard Munch', 41, 'Edvard Munch, peintre norvégien, est le maître de l’expressionnisme psychologique. Dans son œuvre la plus célèbre, Le Cri, il explore l’angoisse existentielle et la fragilité de l’âme humaine dans une image devenue iconique, utilisant des couleurs vives et une distorsion des formes pour traduire ses tourments intérieurs.', 21, NULL),
(84, 'Egon Schiele', 42, 'Egon Schiele (1890-1918) est un peintre et dessinateur autrichien, figure majeure de l’expressionnisme. Proche de Gustav Klimt, il développe un style intense aux lignes anguleuses et aux couleurs crues, explorant la psyché humaine et la sensualité. Ses portraits et autoportraits, marqués par une expressivité troublante, reflètent les angoisses de son époque. Mort à 28 ans, il influence encore l’art moderne.', 21, NULL),
(85, 'Claude Monet', 43, 'Claude Monet, figure emblématique de l\'impressionnisme, est connu pour sa capacité à capter les nuances lumineuses et atmosphériques du monde. Dans Impression, soleil levant, il capture le moment fugace où la lumière touche la mer, bouleversant ainsi la peinture traditionnelle.', 22, NULL),
(86, 'Pierre-Auguste Renoir', 44, 'Pierre-Auguste Renoir, également une icône de l\'impressionnisme, se concentre sur la lumière et l’intimité des scènes de la vie quotidienne. Dans Le Bal du moulin de la Galette, il immortalise la joie et la convivialité de la bourgeoisie parisienne dans une explosion de lumière et de couleurs.', 22, NULL),
(87, 'Salvador Dalí', 45, 'Salvador Dalí est un peintre espagnol excentrique et emblématique du surréalisme, Dalí est connu pour son imagination débordante et son obsession pour le rêve et l’inconscient. Son œuvre la plus célèbre, La Persistance de la mémoire (1931), illustre la distorsion du temps avec ses fameuses montres molles. Il explore des thèmes comme la paranoïa, la sexualité et la religion à travers un style hyperréaliste et des compositions hallucinatoires.', 23, NULL),
(88, 'René Magritte', 46, 'René Magritte est un peintre belge au style plus conceptuel, Magritte joue avec la perception et la logique du rêve. Son œuvre Le Fils de l’homme (1964), représentant un homme en costume dont le visage est caché par une pomme verte, reflète son intérêt pour le mystère et l’absurde. Il détourne les objets du quotidien pour créer des énigmes visuelles, illustrant ainsi la philosophie du surréalisme à travers une esthétique épurée et intrigante.', 23, NULL),
(89, 'Joseph Kosuth', 47, 'Joseph Kosuth est l\'un des pionniers de l\'art conceptuel. Dans son œuvre One and Three Chairs, il explore la relation entre les mots, les objets et leurs significations, transformant l\'art en un questionnement sur le langage et la perception.', 24, NULL),
(90, 'Sol LeWitt', 48, 'Sol LeWitt, artiste majeur de l’art minimaliste et conceptuel, prône l’idée que l’art ne réside pas dans l’objet, mais dans l’idée. Dans des œuvres comme Wall Drawing #260, il démontre comment des instructions peuvent constituer une œuvre d’art, redéfinissant ainsi la notion même de ce qu\'est une œuvre d\'art.', 24, NULL),
(91, 'Andy Warhol', 49, 'Andy Warhol, figure emblématique du Pop Art, bouleverse les frontières entre l\'art et la culture populaire. Dans Marilyn Diptych, il explore la célébrité et la reproduction en masse, transformant la consommation de l\'image en une forme d\'art.', 25, NULL),
(92, 'Roy Lichtenstein', 50, 'Roy Lichtenstein, avec son style inspiré des bandes dessinées, transforme l’art populaire en art sérieux. Dans Whaam!, il fusionne le langage visuel de la bande dessinée avec des techniques artistiques classiques, traitant des thèmes de la guerre et de la culture de consommation.', 25, NULL),
(93, 'Banksy', 51, 'Banksy, artiste anonyme, utilise le street art pour dénoncer les injustices sociales, la politique et la guerre. Dans Balloon Girl, il transmet des messages de rébellion et de résistance à travers des pochoirs dans les rues de villes du monde entier.', 26, NULL),
(94, 'Jean-Michel Basquiat', 52, 'Jean-Michel Basquiat, un ancien graffeur devenu peintre, fusionne la culture urbaine et l\'art contemporain dans des œuvres comme Untitled (1981). Son travail aborde des thèmes de race, de classe et de culture populaire avec un style brut et énergique, faisant de lui un précurseur du street art contemporain.', 26, NULL);

-- --------------------------------------------------------

--
-- Structure de la table `musiques`
--

DROP TABLE IF EXISTS `musiques`;
CREATE TABLE IF NOT EXISTS `musiques` (
  `id_Mouvement_M` int NOT NULL AUTO_INCREMENT,
  `nomMouvement_M` varchar(50) CHARACTER SET utf8mb4 COLLATE utf8mb4_general_ci NOT NULL,
  `dateMouvement_M` varchar(50) CHARACTER SET utf8mb4 COLLATE utf8mb4_general_ci NOT NULL,
  `detailMouvement_M` varchar(500) CHARACTER SET utf8mb4 COLLATE utf8mb4_general_ci NOT NULL,
  `id_Periodes` int NOT NULL,
  PRIMARY KEY (`id_Mouvement_M`),
  KEY `id_Periodes` (`id_Periodes`)
) ENGINE=InnoDB AUTO_INCREMENT=22 DEFAULT CHARSET=utf8mb4 COLLATE=utf8mb4_general_ci;

--
-- Déchargement des données de la table `musiques`
--

INSERT INTO `musiques` (`id_Mouvement_M`, `nomMouvement_M`, `dateMouvement_M`, `detailMouvement_M`, `id_Periodes`) VALUES
(1, 'musique proto-instrumentale', '', 'La musique proto-instrumentale de la Préhistoire désigne les premières formes musicales utilisant des objets naturels comme instruments. Les humains préhistoriques frappaient des pierres, des bois ou des peaux tendues pour créer des rythmes. Des flûtes en os et des sifflets en coquillage ont été retrouvés, attestant d’une volonté de créer des mélodies. Ces sons accompagnaient probablement des rituels, des danses ou des communications symboliques, posant les bases de la musique instrumentale.', 1),
(2, 'musique antique', '', 'La musique antique jouait un rôle central dans les rites religieux, les fêtes et le théâtre. En Égypte, en Mésopotamie, en Grèce et dans l’Empire romain, elle utilisait des lyres, flûtes, harpes et percussions. Les Grecs développaient des théories musicales influentes, liant musique et harmonie cosmique. Peu de partitions nous sont parvenues, mais son héritage perdure dans la musique occidentale et orientale.', 2),
(3, 'Chant grégorien', '590- XVIe siècle', 'Le chant grégorien est un chant liturgique monodique c\'est-à-dire à une seule voix de l’Église catholique, attribué au pape Grégoire Ier. Il est chanté a cappella en latin par des chœurs masculins, avec un rythme libre suivant le texte sacré. Basé sur les modes ecclésiastiques, il vise à élever l’âme et structurer la prière. Ce chant a influencé la musique médiévale et reste pratiqué dans certaines traditions monastiques.', 3),
(4, 'Requiem', '1461-', 'Le Requiem, apparu au Moyen Âge, est une messe catholique dédiée aux défunts. Il suit la liturgie funéraire avec des chants grégoriens en latin, priant pour le repos des âmes. Composé de plusieurs parties, il évolue à la Renaissance et au Baroque avec des versions polyphoniques.', 3),
(5, 'Estampie', 'XIIIe siècle- XIVe siècle', 'L\'estampie est une forme musicale et danse instrumentale du Moyen Âge. D\'origine profane, elle est caractérisée par un rythme vif et répétitif, souvent joué avec des instruments comme la vièle, la flûte ou le luth. Structurée en phrases mélodiques répétées avec variations, elle était prisée dans les cours et fêtes médiévales. L\'estampie est l\'une des premières formes de musique instrumentale autonome en Europe.', 3),
(6, 'Motet', '1220-1750', 'Le motet est une composition vocale polyphonique sacrée ou profane du Moyen Âge. Dérivé du chant grégorien, il superpose plusieurs voix chantant des textes différents, parfois en plusieurs langues. Le motet devient un genre majeur de la musique religieuse. À la Renaissance, il se raffine avec des harmonies plus équilibrées, influençant la musique chorale occidentale.', 3),
(7, 'Ballet', '1581-', 'Le ballet de la Renaissance naît en Italie avant de se développer en France sous Louis XIV. Il mêle musique, danse et mise en scène pour divertir les cours royales. Les premiers ballets utilisent des instruments à cordes et à vent pour accompagner des chorégraphies élégantes. Ce genre évolue vers l\'opéra-ballet au XVIIe siècle et pose les bases du ballet classique.', 4),
(8, 'Opéra', '1598-', 'L’opéra naît à la fin de la Renaissance en Italie, fusionnant théâtre, musique et chant. Inspiré des tragédies antiques. Il utilise des récitatifs et des chœurs accompagnés d’ensembles instrumentaux. Ce genre spectaculaire devient un art majeur, évoluant vers le baroque et influençant toute la musique occidentale.', 4),
(9, 'Sonate', '1580-', 'La sonate de la Renaissance est une forme instrumentale naissante, dérivée des pièces vocales polyphoniques. D\'abord jouée par des ensembles à vents et cordes, elle évolue vers des pièces pour instruments seuls, annonçant la sonate baroque. Contrairement à la musique vocale dominante de l’époque, la sonate explore des mélodies et harmonies plus complexes.', 4),
(10, 'Bagatelle', '1717-', 'La bagatelle, bien que surtout développée durant le XVIIIe et XIXe siècle, trouve ses origines dans la musique baroque par l\'enrichissement de l\'harmonie et l\'apport d\'une basse continue avec en parallèle le développement des effets vocaux au sein des œuvres. La bagatelle se compose de courtes pièces instrumentales légères et divertissantes, souvent pour le clavecin ou d\'autres instruments à clavier. Elles privilégient la simplicité mélodique.', 5),
(11, 'Concerto', 'XVIIe siècle-', 'Le concerto baroque est une forme musicale développée au XVIIe siècle, caractérisée par l’opposition entre un petit groupe d\'instruments solistes et un orchestre plus vaste que l’on nomme respectivement le concertino et le ripieno. Composé en trois mouvements, il met en valeur la virtuosité des solistes tout en créant un dialogue dynamique entre eux et l\'orchestre.', 5),
(12, 'Symphonie', 'XVIIIe siècle-', 'La symphonie baroque est une forme musicale qui émerge à la fin du XVIIIe siècle, souvent utilisée comme ouverture pour des opéras. Elle se compose généralement de trois mouvements et met en valeur les instruments à cordes et à vent. La symphonie baroque n\'est pas encore un genre autonome comme dans les périodes ultérieures, mais elle pose les bases de la symphonie classique avec des contrastes dynamiques et de textures orchestrales.', 5),
(13, 'Intermezzo', 'XIXe siècle-', 'L\'intermezzo est un genre musical de la période classique, souvent utilisé comme une pièce instrumentale légère et de transition, entre deux parties d\'une œuvre plus longue, comme une symphonie ou un opéra. Il peut être joyeux, enjoué ou mélancolique, et est généralement plus court que les mouvements principaux. Dans l\'opéra, il sert à détendre l\'auditoire entre deux actes, et il a évolué au fil du temps pour devenir parfois une œuvre autonome.', 6),
(14, 'Nocturne', '1812-', 'La nocturne est une forme musicale de la musique classique, souvent associée à des pièces pour piano, créées pour évoquer l\'ambiance nocturne. Ce mouvement est caractérisé par des mélodies lyriques et une atmosphère intimiste. La nocturne se distingue par sa douceur, ses nuances subtiles et ses progressions harmoniques mélancoliques, offrant une réflexion musicale sur la tranquillité de la nuit.', 6),
(15, 'Quatuor', 'XVIIIe siècle-', 'Le quatuor est une forme musicale de la musique classique, composée généralement de quatre instruments : deux violons, un alto et un violoncelle. Il se distingue par la richesse de ses interactions entre les voix, où chaque instrument joue un rôle à la fois mélodique et harmonique. Apparue au XVIIIe siècle, cette forme offre une grande variété d\'expressions musicales et de textures sonores.', 6),
(16, 'Dodécaphonisme', '1921-1970', 'Le dodécaphonisme est une technique de composition atonale, soit une musique qui n’est pas organisée selon les tons. Le dodécaphonisme est basé sur une série de douze sons qui peut être transposée, rétrogradée ou inversée, ce procédé structure l\'œuvre en évitant toute tonalité traditionnelle. Il a influencé de nombreux compositeurs et la musique sérielle c\'est-à-dire une technique de composition fondée sur l\'utilisation de séries d\'éléments musicaux.', 7),
(17, 'Jazz', '1910-', 'Le jazz, né au début du XXe siècle aux États-Unis, fusionne influences africaines et blues. Il se caractérise par l’improvisation, le swing, les harmonies complexes et une grande expressivité. Évoluant du New Orleans au bebop, au free jazz et aux styles contemporains, il a influencé de nombreux mouvements musicaux.', 7),
(18, 'Lied', '1810-1900', 'Le lied est un genre musical vocal allemand qui se développe surtout au XIXe siècle mais évolue à l\'époque moderne avec des compositeurs. Il s’agit d’un chant pour voix et piano, mettant en musique des poèmes avec une grande expressivité. À l’ère moderne, il intègre des harmonies plus complexes et parfois l’atonalité. Il conserve son rôle d’introspection et d’émotion, influençant la musique contemporaine.', 7),
(19, 'Hip-Hop', '1973-', 'Le hip-hop, né dans les années 1970 dans le Bronx, est un mouvement culturel et musical combinant rap, DJing, breakdance et graffiti. Il exprime les réalités sociales et l’identité urbaine à travers des beats rythmés et des paroles engagées. Devenu un phénomène mondial, il influence la mode, l’art et la musique contemporaine.', 8),
(20, 'musique Électronique', '1950-', 'La musique électronique, apparue au XXe siècle avec les premiers synthétiseurs, repose sur la création sonore numérique et l’expérimentation. Elle englobe divers genres comme la house, la techno, la trance ou l’EDM. La musique électronique domine aujourd’hui les clubs et festivals. Son innovation constante influence de nombreux styles musicaux modernes.', 8),
(21, 'Rock', '1950-', 'Le rock, né dans les années 1950 aux États-Unis, fusionne blues, country et rhythm and blues avec des guitares électriques et des rythmes puissants. Il évolue en de nombreux sous-genres : rock psychédélique, punk, hard rock, grunge. Plus qu’un mouvement musical, il est un symbole de révolte et de contre-culture.', 8);

-- --------------------------------------------------------

--
-- Structure de la table `oeuvres`
--

DROP TABLE IF EXISTS `oeuvres`;
CREATE TABLE IF NOT EXISTS `oeuvres` (
  `id_Oeuvres` int NOT NULL AUTO_INCREMENT,
  `nomOeuvre` varchar(500) NOT NULL,
  `detailOeuvre` varchar(300) CHARACTER SET utf8mb3 COLLATE utf8mb3_general_ci NOT NULL,
  PRIMARY KEY (`id_Oeuvres`),
  KEY `id_Oeuvres` (`id_Oeuvres`)
) ENGINE=InnoDB AUTO_INCREMENT=95 DEFAULT CHARSET=utf8mb3;

--
-- Déchargement des données de la table `oeuvres`
--

INSERT INTO `oeuvres` (`id_Oeuvres`, `nomOeuvre`, `detailOeuvre`) VALUES
(1, 'Peintures du Tassili n’Ajjer', 'Situées dans le Sahara, ces fresques néolithiques (8000-4000 av. J.-C.) montrent des scènes de chasse et des animaux. Elles témoignent de la vie quotidienne des peuples préhistoriques, illustrant l\'art rupestre par des représentations dynamiques et symboliques.'),
(2, 'Gravures de Bhimbetka', 'Découvertes en Inde, ces gravures datant de 30 000 ans représentent des animaux, des chasseurs et des scènes de danse. Elles offrent un aperçu de la culture préhistorique à travers des techniques de gravure, typiques de l\'art rupestre.'),
(3, 'Vénus de Willendorf', 'Cette statuette en calcaire (28 000-25 000 av. J.-C.) symbolise la fertilité avec ses formes exagérées. Typique de l\'art mobilier paléolithique, elle est souvent associée à des rituels et des croyances liées à la reproduction.'),
(4, 'Bison sculpté de La Madeleine', 'Ce bison en ivoire (15 000 av. J.-C.) est un exemple d\'art mobilier magdalénien. Utilisé probablement dans des rituels de chasse, il montre la maîtrise des techniques de sculpture et l\'importance des animaux dans la culture préhistorique.'),
(5, 'Peintures de Lascaux', 'Découvertes en 1940, ces peintures (17 000 av. J.-C.) représentent des animaux comme des chevaux et des bisons. Elles illustrent l\'art pariétal du Paléolithique supérieur, utilisant des pigments naturels pour créer des images réalistes.'),
(6, 'Peintures d\'Altamira', 'Situées en Espagne, ces peintures (36 000-13 000 av. J.-C.) montrent des bisons et des chevaux. Elles sont un exemple remarquable de l\'art pariétal préhistorique, avec des représentations précises et expressives des animaux.'),
(7, 'Amphore du Dipylon', 'Datant du 8ème siècle av. J.-C., cette amphore grecque est décorée de motifs géométriques abstraits et de figures humaines stylisées. Elle montre l\'art géométrique grec, utilisant des formes répétitives pour créer un effet visuel harmonieux.'),
(8, 'Céramiques proto-géométriques', 'Précurseurs de l\'art géométrique (11ème siècle av. J.-C.), ces céramiques utilisent des motifs simples comme des cercles et des lignes. Elles marquent le début de l\'art grec, avec une attention particulière aux formes abstraites et à la symétrie.'),
(9, 'Statue d\'Athéna Parthénos', 'Créée par Phidias au 5ème siècle av. J.-C., cette statue en or et ivoire représentait Athéna. Elle incarne l\'idéal classique de beauté et d\'harmonie, typique de l\'art grec classique.'),
(10, 'L\'Apollon sauroctone', 'Cette statue en bronze (4ème siècle av. J.-C.) montre Apollon tuant un lézard. Elle illustre la maîtrise classique de l\'anatomie humaine et la posture gracieuse, caractéristiques de l\'art grec classique.'),
(11, 'Amphore d\'Ajax et Achille', 'Datant du 6ème siècle av. J.-C., cette amphore montre une scène mythologique avec des figures rigides et stylisées. Elle est typique de l\'art archaïque grec, utilisant des motifs géométriques et des figures humaines schématisées.'),
(12, 'Statues de Cléobis et Biton', 'Ces statues en marbre (6ème siècle av. J.-C.) représentent deux frères portant leur mère. Elles montrent le sourire archaïque caractéristique et une posture rigide, typiques de l\'art archaïque grec.'),
(13, 'Apoxyomène', 'Cette statue en bronze (4ème siècle av. J.-C.) représente un athlète se nettoyant. Elle illustre le dynamisme et le réalisme de l\'art hellénistique, avec une attention particulière aux détails anatomiques.'),
(14, 'Gladiateur Borghèse', 'Datant du 1er siècle av. J.-C., cette statue en marbre montre un gladiateur en action. Elle est typique de l\'art hellénistique, avec des figures en mouvement et des expressions réalistes, capturant l\'intensité du combat.'),
(15, 'Icône de la Trinité', 'Peinte au 15ème siècle, cette icône russe représente les trois anges visitant Abraham. Elle est caractéristique de l\'art byzantin, avec des figures stylisées, des couleurs vives et une symbolique religieuse profonde.'),
(16, 'Icône du Christ Pantocrator', 'Datant du 14ème siècle, cette icône montre le Christ tout-puissant. Elle illustre l\'art byzantin avec des traits hiératiques et une utilisation riche des couleurs, symbolisant la puissance divine.'),
(17, 'Tympan du Jugement dernier', 'Sculpté au 12ème siècle, ce tympan de la cathédrale d\'Autun montre des scènes du Jugement dernier. Il est typique de l\'art gothique, avec des figures expressives et allongées, et une attention aux détails narratifs.'),
(18, 'Relief du Baptistère de Parme', 'Datant du 12ème siècle, ce relief montre des scènes bibliques avec des figures stylisées. Il illustre l\'art gothique italien, utilisant des formes élancées et des expressions intenses pour raconter des histoires religieuses.'),
(19, 'Miniature de Saadi', 'Peinte au 15ème siècle, cette miniature persane illustre des scènes de la vie quotidienne avec des détails fins et des couleurs vives. Elle est typique de l\'art islamique, utilisant des motifs décoratifs et une grande précision dans les détails.'),
(20, 'Gestures of Light', 'Cette œuvre contemporaine (21ème siècle) s\'inspire de l\'art islamique. Elle capture la fluidité de la lumière avec des motifs géométriques et arabesques, créant une atmosphère sereine et captivante. Les jeux de lumière et les formes géométriques évoquent l\'harmonie et la spiritualité de l\'art islami'),
(21, 'Tympan de Conques', 'Sculpté au 12ème siècle, ce tympan de l\'abbaye Sainte-Foy montre des scènes religieuses avec un style rigide et symétrique. Il est typique de l\'art roman, utilisant des formes géométriques et des figures stylisées pour créer un effet monumental.'),
(22, 'Fresques de Saint-Savin-sur-Gartempe', 'Datant du 11ème siècle, ces fresques montrent des scènes bibliques avec des couleurs vives et des motifs géométriques. Elles illustrent l\'art roman, avec une attention aux détails narratifs et une utilisation riche des couleurs.'),
(23, 'L\'Homme de Vitruve', 'Dessiné au 15ème siècle, ce dessin montre les proportions idéales du corps humain. Il est typique de l\'humanisme, mettant l\'accent sur la beauté et la perfection de l\'homme, inspiré par les idéaux classiques.'),
(24, 'La Création d\'Adam', 'Peinte au 16ème siècle, cette fresque de la chapelle Sixtine montre Dieu donnant vie à Adam. Elle illustre l\'humanisme, avec une représentation puissante et dynamique de l\'homme, au centre de la création divine.'),
(25, 'La Madone au long cou', 'Peinte au 16ème siècle, cette œuvre montre la Vierge Marie avec des proportions exagérées. Elle est typique du maniérisme, utilisant des formes allongées et des couleurs vives pour créer un effet élégant et sophistiqué.'),
(26, 'Déposition de Volterra', 'Datant du 16ème siècle, cette peinture montre la descente de croix avec des figures allongées et des couleurs intenses. Elle illustre le maniérisme, avec une attention aux détails anatomiques et une composition dynamique.'),
(27, 'La Vocation de Saint Matthieu', 'Peinte au 17ème siècle, cette œuvre utilise le clair-obscur pour créer un réalisme intense. Elle est typique du naturalisme, montrant des scènes de la vie quotidienne avec des détails précis et une lumière dramatique.'),
(28, 'Le Repos pendant la fuite en Égypte', 'Datant du 17ème siècle, cette peinture montre la Sainte Famille avec des détails réalistes. Elle illustre le naturalisme, avec une attention aux expressions et aux gestes naturels des personnages.'),
(29, 'L\'Enlèvement des filles de Leucippe', 'Peinte au 17ème siècle, cette œuvre montre une scène mythologique avec des figures dynamiques et des couleurs riches. Elle est typique du baroque, utilisant des compositions complexes et des effets dramatiques pour captiver le spectateur.'),
(30, 'La Ronde de nuit', 'Datant du 17ème siècle, cette peinture utilise le clair-obscur pour créer un effet dramatique. Elle illustre le baroque, avec une attention aux détails et une composition dynamique, mettant en scène une milice civile.'),
(31, 'L\'Enlèvement des Sabines', 'Peinte au 17ème siècle, cette œuvre montre une scène mythologique avec un style classique. Elle est typique du classicisme, utilisant des compositions équilibrées et des figures idéalisées pour représenter des thèmes historiques.'),
(32, 'Le Triomphe d\'Alexandre', 'Datant du 17ème siècle, cette peinture montre Alexandre le Grand avec des figures héroïques. Elle illustre le classicisme, avec une attention aux détails historiques et une composition ordonnée.'),
(33, 'Le Serment des Horaces', 'Peinte au 18ème siècle, cette œuvre montre un serment patriotique avec un style néo-classique. Elle est typique du néo-classicisme, utilisant des compositions rigides et des figures idéalisées pour représenter des valeurs civiques.'),
(34, 'La Grande Odalisque', 'Datant du 19ème siècle, cette peinture montre une femme orientale avec des influences classiques. Elle illustre le néo-classicisme, avec une attention aux détails anatomiques et une composition harmonieuse.'),
(35, 'L\'Origine du monde', 'Peinte au 19ème siècle, cette œuvre montre une représentation crue de la réalité. Elle est typique du réalisme, refusant l\'idéalisation et montrant la vie telle qu\'elle est, sans artifices.'),
(36, 'Les Glaneuses', 'Datant du 19ème siècle, cette peinture montre des paysannes ramassant des épis de blé. Elle illustre le réalisme, avec une attention aux détails de la vie rurale et une représentation fidèle des travailleurs.'),
(37, 'La Liberté guidant le peuple', 'Peinte au 19ème siècle, cette œuvre montre une allégorie de la liberté avec des figures passionnées. Elle est typique du romantisme, utilisant des couleurs vives et des compositions dynamiques pour exprimer des émotions intenses.'),
(38, 'Le Voyageur contemplant une mer de nuages', 'Datant du 19ème siècle, cette peinture montre un homme face à la nature sublime. Elle illustre le romantisme, avec une attention à la beauté mystérieuse et majestueuse de la nature.'),
(39, 'Les Demoiselles d\'Avignon', 'Peinte au 20ème siècle, cette œuvre montre des figures déconstruites avec des formes géométriques. Elle est typique du cubisme, utilisant des perspectives multiples et des formes abstraites pour représenter la réalité.'),
(40, 'Violon et palette', 'Datant du 20ème siècle, cette peinture montre des objets décomposés en formes géométriques. Elle illustre le cubisme, avec une attention aux structures et aux relations spatiales entre les objets.'),
(41, 'Le Cri', 'Peinte au 19ème siècle, cette œuvre montre une figure angoissée avec des couleurs intenses. Elle est typique de l\'expressionnisme, utilisant des formes déformées et des couleurs vives pour exprimer des émotions profondes.'),
(42, 'Portrait de Wally', 'Datant du 20ème siècle, cette peinture montre une figure déformée avec des traits expressifs. Elle illustre l\'expressionnisme, avec une attention aux émotions intenses et à la psychologie des personnages.'),
(43, 'Impression, soleil levant', 'Peinte au 19ème siècle, cette œuvre montre un paysage avec des couleurs vives et une lumière changeante. Elle est typique de l\'impressionnisme, capturant l\'instant et les effets de la lumière sur la nature.'),
(44, 'Le Bal du moulin de la Galette', 'Datant du 19ème siècle, cette peinture montre une scène de danse avec des couleurs vives et des touches visibles. Elle illustre l\'impressionnisme, avec une attention aux moments de la vie quotidienne et aux jeux de lumière.'),
(45, 'La Persistance de la mémoire', 'Peinte par Salvador Dalí en 1931, cette œuvre montre des montres molles fondant dans un paysage désertique. Elle explore l’inconscient et le rêve, où le temps devient fluide et la réalité incertaine.'),
(46, 'Le Fils de l’homme', 'Créé par René Magritte en 1964, cette œuvre montre un homme en costume et chapeau melon, le visage caché par une pomme verte flottante. Elle joue sur l\'identité et la perception, opposant dissimulation et révélation.'),
(47, 'One and Three Chairs', 'Créée au 20ème siècle, cette œuvre montre une chaise réelle, une photo et une définition. Elle est typique de l\'art conceptuel, mettant l\'accent sur l\'idée derrière l\'objet plutôt que sur sa forme physique.'),
(48, 'Wall Drawing #260', 'Datant du 20ème siècle, cette œuvre utilise des instructions pour créer un dessin mural. Elle illustre l\'art conceptuel, avec une attention à l\'idée et au processus de création plutôt qu\'au résultat final.'),
(49, 'Marilyn Diptych', 'Créée au 20ème siècle, cette œuvre montre des portraits de Marilyn Monroe avec des couleurs vives et des répétitions. Elle est typique du pop art, utilisant des images de la culture populaire pour créer des œuvres accessibles et reconnaissables.'),
(50, 'Whaam!', 'Datant du 20ème siècle, cette peinture imite le style des bandes dessinées avec des couleurs vives et des contours noirs. Elle illustre le pop art, avec une attention aux techniques de reproduction mécanique et aux images populaires.'),
(51, 'Balloon Girl', 'Créée au 21ème siècle, cette œuvre montre une petite fille tenant un ballon en forme de cœur. Elle est typique du street art, utilisant des techniques de graffiti et des messages sociaux pour interpeller le public.'),
(52, 'Untitled (1981)', 'Datant du 20ème siècle, cette œuvre illustre l\'expression libre et souvent éphémère du street art. Elle montre des figures stylisées et des couleurs vives, typiques de l\'art urbain.'),
(53, 'Flûte Divje Babe', 'Datant de la préhistoire, cette flûte en os est un des plus anciens instruments connus. Elle illustre le proto-instrumentalisme, marquant les débuts de la musique avec des sons rudimentaires et une exploration mélodique primitive.'),
(54, 'Flûte Hohles Fels', 'Vieille de plus de 35 000 ans, cette flûte en ivoire témoigne des premières expressions musicales humaines. Elle incarne le proto-instrumentalisme, où les sons soufflés initiaient une forme de langage musical.'),
(55, 'Hymne au Soleil', 'Composé dans l’Antiquité égyptienne, cet hymne glorifie le dieu solaire. Il illustre la musique antique, où la voix et la lyre accompagnaient des textes sacrés, marquant l’union entre spiritualité et mélodie.'),
(56, 'Hymnes Delphiques', 'Datant de la Grèce antique, ces compositions accompagnent les rituels d’Apollon. Elles incarnent la musique antique, mêlant lyre et aulos : un instrument à vent pour transmettre un héritage sacré et culturel.'),
(57, 'O Filii et Filiae', 'Hymne liturgique du Moyen Âge, ce chant célèbre la résurrection du Christ. Il incarne le chant grégorien avec sa mélodie monophonique et son rythme libre, propice à la méditation spirituelle.'),
(58, 'Pater Noster', 'Cette prière chrétienne, mise en musique au Moyen Âge, est typique du chant grégorien. Elle utilise des mélodies monodiques et des textes latins pour créer une atmosphère sacrée et contemplative, caractéristique de la musique liturgique médiévale.'),
(59, 'Requiem en ré mineur, K. 626', 'Composé en 1791, ce requiem utilise des harmonies sombres et des textes liturgiques pour exprimer le deuil et la rédemption. Il reste inachevé, mais est emblématique du genre requiem.'),
(60, 'Sonate au clair de lune', 'Composée en 1801, cette sonate pour piano est célèbre pour son premier mouvement calme. Elle combine lyrisme et dramatisme, caractéristiques de la période romantique.'),
(61, 'Messa da Requiem', 'Composée en 1874, cette messe de requiem combine éléments dramatiques et lyriques pour exprimer la douleur et l\'espoir. Elle est monumentale et typique de la musique sacrée italienne.'),
(62, 'Kalenda Maya', 'Kalenda Maya est une estampie médiévale, typique du mouvement estampie. Cette danse instrumentale utilise des rythmes vifs et des mélodies répétitives pour créer une atmosphère festive, caractéristique de la musique de danse médiévale.'),
(63, 'L’Estampie royale', 'L’Estampie royale est une danse médiévale du mouvement estampie. Elle se caractérise par des rythmes entraînants et des mélodies simples, typiques de la musique de danse de l\'époque, créant une ambiance joyeuse et dynamique.'),
(64, 'Motet de Notre Dame', 'Composé au 12e siècle, ce motet utilise des voix multiples et des textes sacrés pour créer une polyphonie riche. Il est un exemple majeur de la musique liturgique médiévale.'),
(65, 'Jesu, meine Freude, BWV 227', 'Ce motet utilise des harmonies complexes et des textes religieux pour exprimer la foi et la dévotion. Il combine plusieurs voix en une polyphonie élaborée.'),
(66, 'Le Ballet de la Nuit', 'Composé en 1653, ce ballet de cour combine danse et musique pour raconter une histoire. Il utilise des rythmes variés et des mélodies expressives, typiques de la musique baroque.'),
(67, 'Le Lac des Cygnes', 'Composé en 1876, ce ballet est célèbre pour sa musique romantique et ses thèmes dramatiques. Il utilise des mélodies expressives et des orchestrations riches pour raconter une histoire d\'amour et de tragédie.'),
(68, 'L\'Orfeo', 'Composé en 1607, cet opéra raconte le mythe d\'Orphée, utilisant récitatifs et arias pour exprimer les émotions. Il est un des premiers opéras et marque le début du genre.'),
(69, 'Tristan und Isolde', 'Composé en 1859, cet opéra explore l\'amour tragique entre Tristan et Isolde. Il utilise une harmonie chromatique pour exprimer des émotions intenses.'),
(70, 'Sonate en ré mineur, K. 9', 'Composée par Scarlatti, cette sonate pour clavier utilise une structure binaire et des motifs rythmiques vifs. Elle est typique de la musique baroque pour clavier.'),
(71, 'Bagatelles, Op. 6', 'Composées par Béla Bartók, ces Bagatelles pour piano sont courtes et expressives. Elles utilisent des motifs folkloriques et des rythmes vifs, caractéristiques de la musique du 20e siècle.'),
(72, 'Bagatelles, Op. 47', 'Composées par Antonín Dvořák, ces Bagatelles pour deux violons, violoncelle et harmonium sont courtes et mélodiques. Elles combinent simplicité mélodique et harmonique, typiques de la musique de chambre romantique.'),
(73, 'Les Quatre Saisons', 'Composé en 1723, ce concerto pour violon est célèbre pour ses quatre mouvements évoquant les saisons. Il utilise des mélodies vives et des contrastes dynamiques, typiques du concerto baroque.'),
(74, 'Concerto pour piano n°2', 'Composé en 1901, ce concerto est célèbre pour sa virtuosité et ses mélodies lyriques. Il combine émotions intenses et technique pianistique impressionnante, typiques du concerto romantique.'),
(75, 'Symphonie n°94 \"Surprise\"', 'Composée en 1791, cette symphonie est célèbre pour son deuxième mouvement où un soudain fortissimo interrompt une mélodie douce. Elle utilise des structures claires et des thèmes mélodiques élégants, caractéristiques de la symphonie classique.'),
(76, 'Symphonie n°5, Adagietto', 'Composée en 1902, cette symphonie est marquée par son Adagietto, un mouvement lent et poignant. Elle explore les émotions humaines et utilise une orchestration riche, typique de la symphonie romantique.'),
(77, 'Intermezzo de La Vida Breve', 'Composé pour l\'opéra La Vida Breve, cet intermezzo est une pièce orchestrale lyrique. Il capture l\'atmosphère espagnole avec des mélodies expressives et des rythmes vifs, caractéristiques de l\'intermezzo.'),
(78, 'Intermezzo de Cavalleria Rusti', 'Composé pour l\'opéra Cavalleria Rusticana, cet intermezzo est une pièce orchestrale célèbre. Il utilise des mélodies lyriques et des harmonies riches pour créer une ambiance émotionnelle intense, typique de l\'intermezzo.'),
(79, 'Nocturne en mi bémol majeur, O', 'Composé pour piano, ce nocturne est célèbre pour sa mélodie lyrique et son atmosphère rêveuse. Il utilise des harmonies romantiques pour exprimer la nostalgie et la sérénité, caractéristiques du nocturne.'),
(80, 'Nocturne n°5 en si bémol majeu', 'Composé pour piano, ce nocturne est connu pour sa beauté mélodique et son expressivité. Il combine lyrisme et virtuosité, caractéristiques de la musique romantique.'),
(81, 'Quatuor à cordes en sol mineur', 'Composé en 1893, ce quatuor à cordes est célèbre pour son innovation harmonique et sa structure cyclique. Il explore de nouvelles sonorités et textures, typiques du mouvement impressionniste.'),
(82, 'Quatuor à cordes n°8', 'Composé en 1960, ce quatuor à cordes est célèbre pour son intensité émotionnelle. Il utilise des dissonances et des contrastes dynamiques pour exprimer des émotions profondes, typiques du quatuor du 20e siècle.'),
(83, 'Suite pour piano, Op. 25', 'Cette suite composée en 1921 utilise la technique dodécaphonique, où les douze notes de la gamme chromatique sont traitées avec une égale importance. Elle explore de nouvelles structures musicales et sonorités.'),
(84, 'Concerto à la mémoire d’un ang', 'Ce concerto pour violon composé en 1935 utilise la technique dodécaphonique et intègre des éléments lyriques. Il est dédié à la mémoire de Manon Gropius, avec une atmosphère émotionnelle intense.'),
(85, 'What a Wonderful World', 'Cette chanson célèbre la beauté du monde avec des paroles optimistes et une mélodie entraînante. Elle est un classique du jazz, avec une interprétation emblématique de Louis Armstrong.'),
(86, 'So What', 'Cette pièce emblématique du jazz modal utilise des accords prolongés et une mélodie simple. Elle crée une atmosphère cool et détendue, typique du style de Miles Davis.'),
(87, 'Der Erlkönig', 'Ce lied raconte l\'histoire d\'un père et de son fils poursuivis par le Roi des Aulnes. Il utilise une musique dramatique et expressive pour illustrer le poème de Goethe.'),
(88, 'Dichterliebe', 'Ce cycle de lieder explore les thèmes de l\'amour et de la perte. Il combine mélodies lyriques et accompagnement pianistique expressif, basé sur des poèmes de Heinrich Heine.'),
(89, 'Changes', 'Cette chanson aborde les thèmes du changement social et personnel avec des paroles poignantes et un rythme puissant. Elle est un classique du hip-hop, interprétée par Tupac.'),
(90, 'Empire State of Mind', 'Cette chanson célèbre New York avec des paroles inspirantes et un rythme entraînant. Elle combine rap et chant, typique du style hip-hop moderne.'),
(91, 'Autobahn', 'Cette pièce pionnière de la musique électronique utilise des synthétiseurs et des boîtes à rythmes pour créer un paysage sonore futuriste, évoquant un voyage sur l\'autoroute.'),
(92, 'One More Time', 'Cette chanson combine des éléments de house et de disco avec des voix modifiées. Elle crée une mélodie accrocheuse et dansante, typique de la musique électronique.'),
(93, 'Hey Jude', 'Cette chanson commence comme une ballade et se transforme en un hymne puissant. Elle utilise des paroles encourageantes et une mélodie mémorable, typique du rock des Beatles.'),
(94, 'Stairway to Heaven', 'Cette chanson combine des éléments folk et rock progressif. Elle utilise une structure complexe et des solos de guitare célèbres, typiques du rock classique de Led Zeppelin.');

-- --------------------------------------------------------

--
-- Structure de la table `periodes`
--

DROP TABLE IF EXISTS `periodes`;
CREATE TABLE IF NOT EXISTS `periodes` (
  `id_Periodes` int NOT NULL AUTO_INCREMENT,
  `Periode` varchar(20) CHARACTER SET utf8mb3 COLLATE utf8mb3_general_ci NOT NULL,
  PRIMARY KEY (`id_Periodes`),
  KEY `id_Dates` (`id_Periodes`)
) ENGINE=InnoDB AUTO_INCREMENT=9 DEFAULT CHARSET=utf8mb3;

--
-- Déchargement des données de la table `periodes`
--

INSERT INTO `periodes` (`id_Periodes`, `Periode`) VALUES
(1, '~40 000 av. J.-C. à '),
(2, '~3 000 av. J.-C. à 4'),
(3, '476 à 1492'),
(4, '1492 à 1600'),
(5, '1600 à 1750'),
(6, '1770 à 1850'),
(7, '1800 à 1950'),
(8, 'depuis 1945');

-- --------------------------------------------------------

--
-- Structure de la table `visuels_et_plastiques`
--

DROP TABLE IF EXISTS `visuels_et_plastiques`;
CREATE TABLE IF NOT EXISTS `visuels_et_plastiques` (
  `id_Mouvement_VP` int NOT NULL AUTO_INCREMENT,
  `nomMouvement_VP` varchar(50) CHARACTER SET utf8mb3 COLLATE utf8mb3_general_ci NOT NULL,
  `dateMouvement_VP` varchar(50) CHARACTER SET utf8mb3 COLLATE utf8mb3_general_ci NOT NULL,
  `detailMouvement_VP` varchar(500) CHARACTER SET utf8mb3 COLLATE utf8mb3_general_ci NOT NULL,
  `id_Periodes` int NOT NULL,
  PRIMARY KEY (`id_Mouvement_VP`),
  KEY `id_Mouvements` (`id_Mouvement_VP`),
  KEY `id_Dates` (`id_Periodes`)
) ENGINE=InnoDB AUTO_INCREMENT=36 DEFAULT CHARSET=utf8mb3;

--
-- Déchargement des données de la table `visuels_et_plastiques`
--

INSERT INTO `visuels_et_plastiques` (`id_Mouvement_VP`, `nomMouvement_VP`, `dateMouvement_VP`, `detailMouvement_VP`, `id_Periodes`) VALUES
(1, 'art Rupestre', '', 'L’art rupestre préhistorique désigne les peintures et gravures réalisées sur des roches en plein air, contrairement à l’art pariétal qui se trouve dans les grottes. Présent sur tous les continents, il représente généralement des scènes de la vie quotidienne : de chasse, des animaux et des figures humaines stylisées. Il servait probablement à des fins rituelles, narratives ou symboliques.', 1),
(2, 'art Mobilier', '', 'L’art mobilier préhistorique regroupe de petites œuvres transportables, réalisées entre le Paléolithique et le Néolithique. Il comprend des statuettes, des objets gravés ou sculptés en os, ivoire ou pierre, et des parures. Ces artefacts avaient souvent une fonction symbolique, religieuse ou esthétique.', 1),
(3, 'art Pariétal', '', 'L’art pariétal préhistorique désigne les peintures, gravures réalisées sur les parois des grottes entre le Paléolithique et le Néolithique. Il représente surtout des animaux, des signes abstraits et parfois des figures humaines. Son but reste incertain : rites magiques, narrations ou expressions symboliques.', 1),
(4, 'art Géométrique', '900 av. J.-C. à 700 av. J.-C.', 'L’art géométrique de l’Antiquité est une période de l’art grec caractérisée par des motifs abstraits et des formes géométriques répétitives. Il apparaît surtout sur la céramique, avec des vases décorés de scènes stylisées, parfois figuratives telles que des processions, et des combats. Cet art marque la transition entre l’âge du bronze et l’essor de l’art figuratif grec.', 2),
(5, 'art Classique', '480 av. J.-C. à 323 av. J.-C.', 'L’art classique de l’Antiquité, développé surtout en Grèce et à Rome, se caractérise par la recherche de l’harmonie, du réalisme et de la proportion. Il inclut la sculpture, l’architecture et la peinture. Il a influencé l’art occidental pendant des siècles, posant les bases de l’esthétique classique.', 2),
(6, 'période Archaïque', '700 av. J.-C. à 480 av. J.-C.', 'La période archaïque de l’Antiquité grecque  marque l’émergence de la sculpture monumentale, de l’architecture et de la céramique figurative. L’architecture développe les premiers temples grecs. Cette période a préparé l’essor de l’art classique.', 2),
(7, 'période Hellénistique', '321 av. J.-C. à 31 av. J.-C.', 'La période hellénistique qui commence après la mort d’Alexandre le Grand marque un art plus expressif, mouvementé et réaliste. La sculpture abandonne l\'idéal classique pour représenter des émotions intenses et des corps en action. L’architecture devient plus monumentale et la peinture se diversifie. Cette période influence profondément l’art romain et méditerranéen.', 2),
(8, 'art Byzantin', '843-1453', 'L’art byzantin mêle héritage romain et influences orientales. Il se caractérise par des mosaïques éclatantes, des icônes sacrées et des édifices majestueux notamment à Constantinople. Centré sur la religion, il privilégie la symbolique et la frontalité des figures plutôt que le réalisme. Il influence durablement l’art chrétien en Europe et en Orient.', 3),
(9, 'art Gothique', '1200-1430', 'L’art gothique se distingue par son architecture élancée et lumineuse, avec des cathédrales aux voûtes en ogive, arcs-boutants et vitraux colorés. La sculpture devient plus réaliste et expressive, et la peinture s’enrichit de détails narratifs et de perspectives naissantes. Cet art, d’abord religieux, s’étend ensuite aux œuvres profanes et marque la transition vers la Renaissance.', 3),
(10, 'art Islamique', '900-1500', 'L’art islamique du Moyen Âge se caractérise par son décor géométrique, floral et calligraphique, évitant les représentations figuratives dans l’art religieux. Il s’exprime dans l’architecture, la céramique, les tapis et les enluminures. Il reflète une fusion d’influences persanes, byzantines et arabes, et joue un rôle majeur dans la transmission des savoirs en Méditerranée.', 3),
(11, 'art Roman', '800-1100', 'L’art roman issu de l’empire romain est un style médiéval marqué par des églises massives aux voûtes en berceau, avec peu d’ouvertures. La sculpture, souvent intégrée aux tympans et chapiteaux, illustre des scènes bibliques de façon stylisée. La peinture, murale ou enluminée, utilise des couleurs vives et des figures religieuses. Cet art symbolise la spiritualité et la solidité du monde médiéval chrétien.', 3),
(12, 'Humanisme', 'XIVe-XVe siècle', 'L’humanisme de la Renaissance est un mouvement intellectuel qui remet l’homme au centre des préoccupations, inspiré de l’Antiquité. Il valorise la raison, la science et les arts. L’art devient plus réaliste avec la perspective et l’étude de l’anatomie. Ce courant marque une rupture avec le Moyen Âge et influence profondément la culture européenne.', 4),
(13, 'Maniérisme', '1520-1600', 'Le maniérisme est un courant artistique né après la Haute Renaissance, caractérisé par des compositions complexes, des poses élégantes et des couleurs audacieuses. Il privilégie l’expressivité et la sophistication plutôt que l’harmonie classique. Les figures allongées et les perspectives artificielles créent une tension dramatique. Ce style marque la transition vers le baroque en poussant l’art vers plus de virtuosité et d’inventivité.', 4),
(14, 'Naturalisme', 'XVIe siècle', 'Le naturalisme de la Renaissance vise à représenter le monde et l’humain avec un réalisme accru, grâce à l’observation de la nature, la perspective et l’étude anatomique. La lumière, les proportions et les détails précis donnent aux œuvres une grande vitalité. Ce courant marque une rupture avec l’art médiéval en valorisant la science et l’expérience visuelle.', 4),
(15, 'Baroque', '1600-1750', 'L’art baroque se caractérise par le mouvement, le contraste et l’émotion. Il cherche à impressionner par des compositions dynamiques, des jeux de lumière dramatiques  et une grande expressivité. Il sert souvent la propagande religieuse et monarchique, magnifiant la puissance et la spiritualité.', 5),
(16, 'Classicisme', '1661-1685', 'Le classicisme est un mouvement artistique qui valorise l’équilibre, la clarté et l’harmonie, en réaction aux excès du baroque. Il s’inspire de l’Antiquité et prône la maîtrise des formes et la rigueur intellectuelle. Cet art, souvent au service du pouvoir royal, symbolise l’ordre et la raison.', 5),
(17, 'Néo-classicisme', '1750-1830', 'Le néo-classicisme s’inspire de l’Antiquité gréco-romaine, prônant l’ordre, la clarté et la sobriété en réaction au rococo un style illusionniste, pour aristocrates et riches commanditaires de la cour. Le néo-classicisme valorise la rigueur des formes, les sujets historiques et moraux. En architecture, il se traduit par des édifices aux colonnes et frontons imposants. Ce courant accompagne les idéaux révolutionnaires et marque l’opposition au romantisme naissant.', 6),
(18, 'Réalisme', '1840-1880', 'Le réalisme est un mouvement artistique qui rejette l’idéalisation pour représenter fidèlement la réalité, souvent celle des classes populaires et du monde rural. Il s’oppose au romantisme en privilégiant des scènes ordinaires et un style précis. Ce courant influence la période de l’art moderne par sa quête d’authenticité.', 6),
(19, 'Romantisme', '1790-1850', 'Le romantisme est un mouvement artistique qui exalte les émotions, l’imagination et la nature, en réaction au rationalisme des Lumières et au néo-classicisme. Il met en scène des héros passionnés, des paysages grandioses et des thèmes comme la mélancolie ou la révolte. Il privilégie l’expression personnelle et l’intensité dramatique.', 6),
(20, 'Cubisme', '1908-1914', 'Le cubisme est un mouvement artistique révolutionnaire initié par Picasso et Braque, qui déconstruit la perspective traditionnelle pour représenter les formes sous plusieurs angles simultanément. Il se divise en cubisme analytique avec des formes fragmentées et des couleurs sobres et le cubisme synthétique avec des formes plus simples et des collages. Ce style influence la période de l’art moderne.', 7),
(21, 'Expressionisme', '1910-1914', 'L\'expressionnisme est un mouvement artistique qui privilégie l’émotion et la subjectivité sur la réalité objective. Il déforme les formes et utilise des couleurs vives pour exprimer l’angoisse et les tensions intérieures. Né en Allemagne, il marque la peinture, le cinéma et la littérature.', 7),
(22, 'Impressionisme', '1874-1886', 'L’impressionnisme est un mouvement artistique qui cherche à capturer les effets de lumière et les impressions visuelles instantanées par des touches rapides et colorées. Il rompt avec l’académisme en privilégiant les scènes de la vie quotidienne et les paysages en plein air. L\'œuvre Impression de Monet a donné son nom au mouvement.', 7),
(23, 'Surréalisme ', '1919-1969', 'Le surréalisme est un mouvement artistique et littéraire qui explore l’inconscient, le rêve et l’irrationnel. Influencé par Freud, il utilise des images surprenantes et des techniques comme le cadavre exquis qui consiste à composer des dessins à plusieurs ou l’écriture automatique qui consiste lui à composer des phrases, chacun inscrivant un mot ou une esquisse à plusieurs. Ce courant rejette la logique et cherche à libérer l’imagination.', 7),
(24, 'art Conceptuel', '1960-', 'L\'art conceptuel  privilégie l\'idée plutôt que l\'esthétique ou la technique. L\'œuvre existe surtout par son concept, parfois sans support matériel. Il remet en question la notion d’art et les institutions, utilisant divers médias : installations, performances, textes. En supprimant la nécessité de beauté ou de savoir-faire, il pousse à la réflexion et élargit les limites de la création artistique.', 8),
(25, 'Pop art', '1950-', 'Le pop art est un mouvement artistique qui s’inspire de la culture populaire, des médias et de la société de consommation. Il utilise des couleurs vives, des images publicitaires et des icônes modernes pour critiquer ou célébrer la société de masse. Sérigraphies, bandes dessinées et objets du quotidien deviennent des œuvres d’art, brouillant la frontière entre art et culture commerciale.', 8),
(26, 'Street art', '1960-', 'Le street art est un mouvement artistique né dans les années 1970, utilisant l’espace urbain comme support. Il inclut graffitis, pochoirs, collages et fresques monumentales pour transmettre des messages politiques, sociaux ou esthétiques. Éphémère et accessible à tous, il questionne l’art traditionnel et l’espace public. D’abord illégal, il est aujourd’hui reconnu et exposé dans les galeries et musées.', 8);

--
-- Contraintes pour les tables déchargées
--

--
-- Contraintes pour la table `artistes`
--
ALTER TABLE `artistes`
  ADD CONSTRAINT `artistes_ibfk_1` FOREIGN KEY (`id_Mouvement_M`) REFERENCES `musiques` (`id_Mouvement_M`),
  ADD CONSTRAINT `artistes_ibfk_2` FOREIGN KEY (`id_Mouvement_VP`) REFERENCES `visuels_et_plastiques` (`id_Mouvement_VP`),
  ADD CONSTRAINT `artistes_ibfk_3` FOREIGN KEY (`id_Oeuvres`) REFERENCES `oeuvres` (`id_Oeuvres`);

--
-- Contraintes pour la table `musiques`
--
ALTER TABLE `musiques`
  ADD CONSTRAINT `musiques_ibfk_1` FOREIGN KEY (`id_Periodes`) REFERENCES `periodes` (`id_Periodes`);

--
-- Contraintes pour la table `visuels_et_plastiques`
--
ALTER TABLE `visuels_et_plastiques`
  ADD CONSTRAINT `visuels_et_plastiques_ibfk_1` FOREIGN KEY (`id_Periodes`) REFERENCES `periodes` (`id_Periodes`);
COMMIT;

/*!40101 SET CHARACTER_SET_CLIENT=@OLD_CHARACTER_SET_CLIENT */;
/*!40101 SET CHARACTER_SET_RESULTS=@OLD_CHARACTER_SET_RESULTS */;
/*!40101 SET COLLATION_CONNECTION=@OLD_COLLATION_CONNECTION */;
